{
  "accuracy": [
    0.6393442749977112,
    0.7868852615356445,
    0.7962529063224792,
    0.8266978859901428,
    0.8337236642837524,
    0.8594847917556763,
    0.8430913090705872,
    0.864168643951416,
    0.8758782148361206,
    0.8829039931297302,
    0.9063231945037842,
    0.8852459192276001,
    0.908665120601654,
    0.9180327653884888,
    0.908665120601654,
    0.9227166175842285,
    0.9250585436820984,
    0.9156908392906189,
    0.9133489727973938,
    0.932084321975708,
    0.9039812684059143,
    0.9297423958778381,
    0.9391100406646729,
    0.932084321975708
  ],
  "auc": [
    0.6960957050323486,
    0.8606951236724854,
    0.8712325096130371,
    0.896689236164093,
    0.9065310955047607,
    0.9263423681259155,
    0.9237804412841797,
    0.9335528016090393,
    0.9463506937026978,
    0.941238522529602,
    0.964539110660553,
    0.9591718912124634,
    0.9588124752044678,
    0.9724218249320984,
    0.9628118276596069,
    0.9690369367599487,
    0.9780093431472778,
    0.9770703315734863,
    0.974137544631958,
    0.9764676094055176,
    0.972120463848114,
    0.980003297328949,
    0.9850807189941406,
    0.9803162217140198
  ],
  "loss": [
    0.818681538105011,
    0.6089534163475037,
    0.5877501964569092,
    0.5321992039680481,
    0.5097748041152954,
    0.46665412187576294,
    0.47136762738227844,
    0.44727808237075806,
    0.421510249376297,
    0.4292542040348053,
    0.3726467788219452,
    0.38621848821640015,
    0.38044631481170654,
    0.3478633761405945,
    0.3642798662185669,
    0.3442605435848236,
    0.3247913718223572,
    0.31986546516418457,
    0.32671108841896057,
    0.3191518187522888,
    0.3378792107105255,
    0.3033556044101715,
    0.2924083471298218,
    0.3063185214996338
  ],
  "precision": [
    0.5257731676101685,
    0.6891191601753235,
    0.7037037014961243,
    0.7472527623176575,
    0.7627118825912476,
    0.7888888716697693,
    0.7803468108177185,
    0.8081395626068115,
    0.8245614171028137,
    0.8275862336158752,
    0.8690476417541504,
    0.8323699235916138,
    0.8787878751754761,
    0.8909090757369995,
    0.8834356069564819,
    0.9119496941566467,
    0.9074074029922485,
    0.8678160905838013,
    0.8757396340370178,
    0.8947368264198303,
    0.8682634830474854,
    0.9085366129875183,
    0.9107142686843872,
    0.9090909361839294
  ],
  "recall": [
    0.6219512224197388,
    0.8109756112098694,
    0.8109756112098694,
    0.8292682766914368,
    0.8231707215309143,
    0.8658536672592163,
    0.8231707215309143,
    0.8475610017776489,
    0.8597561120986938,
    0.8780487775802612,
    0.8902438879013062,
    0.8780487775802612,
    0.8841463327407837,
    0.8963414430618286,
    0.8780487775802612,
    0.8841463327407837,
    0.8963414430618286,
    0.9207317233085632,
    0.9024389982223511,
    0.9329268336296082,
    0.8841463327407837,
    0.9085366129875183,
    0.9329268336296082,
    0.9146341681480408
  ],
  "val_accuracy": [
    0.7102803587913513,
    0.7476635575294495,
    0.7757009267807007,
    0.7570093274116516,
    0.7476635575294495,
    0.7476635575294495,
    0.7476635575294495,
    0.7383177280426025,
    0.7476635575294495,
    0.7570093274116516,
    0.7663551568984985,
    0.7663551568984985,
    0.7476635575294495,
    0.7570093274116516,
    0.7570093274116516,
    0.7476635575294495,
    0.7476635575294495,
    0.7476635575294495,
    0.7476635575294495,
    0.7383177280426025,
    0.7383177280426025,
    0.7289719581604004,
    0.7289719581604004,
    0.7383177280426025
  ],
  "val_auc": [
    0.7642276287078857,
    0.787693977355957,
    0.7998891472816467,
    0.8070953488349915,
    0.8028454780578613,
    0.8039541840553284,
    0.8100517392158508,
    0.8181818127632141,
    0.823355495929718,
    0.8191057443618774,
    0.8133776187896729,
    0.8163340091705322,
    0.816334068775177,
    0.8122690320014954,
    0.8128232955932617,
    0.8124538064002991,
    0.8130080699920654,
    0.8106060028076172,
    0.8131929039955139,
    0.8137471675872803,
    0.8109756112098694,
    0.8120842576026917,
    0.8154101967811584,
    0.8154101371765137
  ],
  "val_loss": [
    0.739692747592926,
    0.7048743367195129,
    0.6864282488822937,
    0.6724861264228821,
    0.662600576877594,
    0.659206211566925,
    0.6525846123695374,
    0.6440160870552063,
    0.6368120312690735,
    0.6368394494056702,
    0.638810396194458,
    0.632879376411438,
    0.6299919486045837,
    0.6339495182037354,
    0.640200674533844,
    0.646300196647644,
    0.6544790267944336,
    0.6596471667289734,
    0.6627628207206726,
    0.6676529049873352,
    0.6773084998130798,
    0.6836491227149963,
    0.6851897239685059,
    0.6925305724143982
  ],
  "val_precision": [
    0.625,
    0.7058823704719543,
    0.8148148059844971,
    0.800000011920929,
    0.8181818127632141,
    0.8181818127632141,
    0.8181818127632141,
    0.8095238208770752,
    0.8181818127632141,
    0.8260869383811951,
    0.8333333134651184,
    0.8333333134651184,
    0.7692307829856873,
    0.7777777910232544,
    0.7777777910232544,
    0.75,
    0.75,
    0.75,
    0.75,
    0.7241379022598267,
    0.7096773982048035,
    0.6875,
    0.6875,
    0.7096773982048035
  ],
  "val_recall": [
    0.6097561120986938,
    0.5853658318519592,
    0.5365853905677795,
    0.4878048896789551,
    0.4390243887901306,
    0.4390243887901306,
    0.4390243887901306,
    0.4146341383457184,
    0.4390243887901306,
    0.46341463923454285,
    0.4878048896789551,
    0.4878048896789551,
    0.4878048896789551,
    0.5121951103210449,
    0.5121951103210449,
    0.5121951103210449,
    0.5121951103210449,
    0.5121951103210449,
    0.5121951103210449,
    0.5121951103210449,
    0.5365853905677795,
    0.5365853905677795,
    0.5365853905677795,
    0.5365853905677795
  ],
  "learning_rate": [
    0.0006000000284984708,
    0.0006000000284984708,
    0.0006000000284984708,
    0.0006000000284984708,
    0.0006000000284984708,
    0.0006000000284984708,
    0.0006000000284984708,
    0.0006000000284984708,
    0.0006000000284984708,
    0.0006000000284984708,
    0.0006000000284984708,
    0.0006000000284984708,
    0.0006000000284984708,
    0.0006000000284984708,
    0.0006000000284984708,
    0.0006000000284984708,
    0.0006000000284984708,
    0.0003000000142492354,
    0.0003000000142492354,
    0.0003000000142492354,
    0.0003000000142492354,
    0.0003000000142492354,
    0.0003000000142492354,
    0.0003000000142492354
  ]
}