{
  "accuracy": [
    0.5925058722496033,
    0.7400468587875366,
    0.7634660601615906,
    0.777517557144165,
    0.8220140337944031,
    0.8384075164794922,
    0.8501170873641968,
    0.845433235168457,
    0.8594847917556763,
    0.8665105104446411,
    0.8618267178535461,
    0.8758782148361206,
    0.8758782148361206,
    0.8922716379165649,
    0.88758784532547,
    0.9156908392906189,
    0.9063231945037842,
    0.908665120601654,
    0.9203746914863586,
    0.908665120601654,
    0.9203746914863586,
    0.9156908392906189,
    0.932084321975708,
    0.9344262480735779,
    0.9274004697799683,
    0.9367681741714478,
    0.9508196711540222,
    0.9461358189582825,
    0.9461358189582825,
    0.9461358189582825,
    0.955503523349762,
    0.9508196711540222,
    0.9578454494476318,
    0.9484777450561523,
    0.9672130942344666,
    0.9508196711540222,
    0.9578454494476318,
    0.9484777450561523,
    0.9672130942344666,
    0.9648711681365967
  ],
  "auc": [
    0.6424000263214111,
    0.8205277323722839,
    0.843712329864502,
    0.8779792189598083,
    0.9031925201416016,
    0.9062529802322388,
    0.9088495969772339,
    0.9308865666389465,
    0.9358712434768677,
    0.9388505220413208,
    0.9432439804077148,
    0.9523671865463257,
    0.9561346173286438,
    0.9619772434234619,
    0.956331729888916,
    0.9616526365280151,
    0.9715756177902222,
    0.964492678642273,
    0.9762820601463318,
    0.971239447593689,
    0.9710655808448792,
    0.9709843993186951,
    0.9731985330581665,
    0.9865065813064575,
    0.9800728559494019,
    0.9801771640777588,
    0.9855907559394836,
    0.9853240847587585,
    0.988616406917572,
    0.9856023788452148,
    0.9893582463264465,
    0.9922446608543396,
    0.9883728623390198,
    0.9857066869735718,
    0.9933692216873169,
    0.9866108894348145,
    0.9869238138198853,
    0.986889123916626,
    0.9925228953361511,
    0.9940415620803833
  ],
  "loss": [
    0.8319888114929199,
    0.6220530271530151,
    0.594760000705719,
    0.530242383480072,
    0.4847855269908905,
    0.4810357987880707,
    0.4685193598270416,
    0.4215798079967499,
    0.41230183839797974,
    0.39886024594306946,
    0.3941122889518738,
    0.36927345395088196,
    0.35695454478263855,
    0.3412120044231415,
    0.353831022977829,
    0.33417749404907227,
    0.30818402767181396,
    0.3225356638431549,
    0.29398396611213684,
    0.3060215413570404,
    0.302425742149353,
    0.30120861530303955,
    0.2914741635322571,
    0.2549283504486084,
    0.2683936059474945,
    0.2611927390098572,
    0.24086807668209076,
    0.2440880835056305,
    0.2345104217529297,
    0.23977364599704742,
    0.2251395434141159,
    0.22063304483890533,
    0.22593677043914795,
    0.22739125788211823,
    0.20550265908241272,
    0.22697220742702484,
    0.2254529893398285,
    0.23226453363895416,
    0.19703572988510132,
    0.1931953728199005
  ],
  "precision": [
    0.47663551568984985,
    0.6244131326675415,
    0.6615384817123413,
    0.6751269102096558,
    0.7340425252914429,
    0.7513227462768555,
    0.77173912525177,
    0.7634408473968506,
    0.782608687877655,
    0.8022598624229431,
    0.800000011920929,
    0.7936508059501648,
    0.8245614171028137,
    0.8352272510528564,
    0.8452380895614624,
    0.8764705657958984,
    0.8690476417541504,
    0.8612716794013977,
    0.8693181872367859,
    0.8742514848709106,
    0.8963414430618286,
    0.8678160905838013,
    0.9141104221343994,
    0.9197530746459961,
    0.903030276298523,
    0.9202454090118408,
    0.9386503100395203,
    0.9221556782722473,
    0.9171597361564636,
    0.9272727370262146,
    0.939393937587738,
    0.9230769276618958,
    0.9451219439506531,
    0.9329268336296082,
    0.96875,
    0.9230769276618958,
    0.9451219439506531,
    0.9382715821266174,
    0.9629629850387573,
    0.9570552110671997
  ],
  "recall": [
    0.6219512224197388,
    0.8109756112098694,
    0.7865853905677795,
    0.8109756112098694,
    0.8414633870124817,
    0.8658536672592163,
    0.8658536672592163,
    0.8658536672592163,
    0.8780487775802612,
    0.8658536672592163,
    0.8536585569381714,
    0.9146341681480408,
    0.8597561120986938,
    0.8963414430618286,
    0.8658536672592163,
    0.9085366129875183,
    0.8902438879013062,
    0.9085366129875183,
    0.9329268336296082,
    0.8902438879013062,
    0.8963414430618286,
    0.9207317233085632,
    0.9085366129875183,
    0.9085366129875183,
    0.9085366129875183,
    0.9146341681480408,
    0.9329268336296082,
    0.9390243887901306,
    0.9451219439506531,
    0.9329268336296082,
    0.9451219439506531,
    0.9512194991111755,
    0.9451219439506531,
    0.9329268336296082,
    0.9451219439506531,
    0.9512194991111755,
    0.9451219439506531,
    0.9268292784690857,
    0.9512194991111755,
    0.9512194991111755
  ],
  "val_accuracy": [
    0.7009345889091492,
    0.7102803587913513,
    0.7196261882781982,
    0.7383177280426025,
    0.7289719581604004,
    0.7383177280426025,
    0.7289719581604004,
    0.7196261882781982,
    0.7196261882781982,
    0.7196261882781982,
    0.7102803587913513,
    0.7009345889091492,
    0.7196261882781982,
    0.7102803587913513,
    0.7009345889091492,
    0.6915887594223022,
    0.6915887594223022,
    0.7102803587913513,
    0.7196261882781982,
    0.7289719581604004,
    0.7196261882781982,
    0.7289719581604004,
    0.7102803587913513,
    0.7196261882781982,
    0.7383177280426025,
    0.7196261882781982,
    0.7289719581604004,
    0.7196261882781982,
    0.7289719581604004,
    0.7289719581604004,
    0.7289719581604004,
    0.7196261882781982,
    0.7383177280426025,
    0.7289719581604004,
    0.7383177280426025,
    0.7476635575294495,
    0.7383177280426025,
    0.7383177280426025,
    0.7383177280426025,
    0.7476635575294495
  ],
  "val_auc": [
    0.7481522560119629,
    0.7767922878265381,
    0.7956392765045166,
    0.806725800037384,
    0.8070953488349915,
    0.8096821904182434,
    0.8111603856086731,
    0.8143015503883362,
    0.81522536277771,
    0.8159645199775696,
    0.822062075138092,
    0.8198448419570923,
    0.821323037147522,
    0.8240945935249329,
    0.8277900815010071,
    0.8288987874984741,
    0.8255728483200073,
    0.8268662095069885,
    0.8279748558998108,
    0.8313008546829224,
    0.8346267938613892,
    0.8361049890518188,
    0.8331485390663147,
    0.8340724110603333,
    0.8372136354446411,
    0.8298226594924927,
    0.8165187835693359,
    0.8165188431739807,
    0.8159645199775696,
    0.8144862651824951,
    0.8168883919715881,
    0.8155949711799622,
    0.813747227191925,
    0.8117147088050842,
    0.8124538064002991,
    0.8093125820159912,
    0.8048780560493469,
    0.8070952892303467,
    0.8096821308135986,
    0.8111603260040283
  ],
  "val_loss": [
    0.7082104682922363,
    0.6784101128578186,
    0.666350245475769,
    0.6617405414581299,
    0.6618257761001587,
    0.6572377681732178,
    0.6528633832931519,
    0.648585855960846,
    0.6445740461349487,
    0.6399204730987549,
    0.6341848373413086,
    0.6306977272033691,
    0.6284284591674805,
    0.6275675296783447,
    0.6230921745300293,
    0.6188941597938538,
    0.6217138767242432,
    0.6229540109634399,
    0.6231784224510193,
    0.6217957735061646,
    0.6305955052375793,
    0.6342915892601013,
    0.634711742401123,
    0.6429606080055237,
    0.6481322646141052,
    0.6647782921791077,
    0.6831418871879578,
    0.6846444606781006,
    0.6945241689682007,
    0.7038106322288513,
    0.7046968936920166,
    0.7118796110153198,
    0.7269582152366638,
    0.7391480207443237,
    0.7452366948127747,
    0.7485518455505371,
    0.7657409310340881,
    0.7643101811408997,
    0.7671298980712891,
    0.772129237651825
  ],