{
  "model_summary": {
    "best_params": {
      "C": 1,
      "gamma": 0.001,
      "kernel": "rbf"
    },
    "cv_roc_auc": 0.8478516240431834,
    "test_roc_auc": 0.6840302386014646,
    "test_accuracy": 0.753731343283582,
    "test_f1_score": 0.547945205479452
  },
  "feature_importance": {
    "Sex": 0.647983114446529,
    "Pclass": 0.8114446529080676,
    "Age": 0.5,
    "SibSp": 0.5,
    "Parch": 0.5
  }
}